date,category,sales
2023-01-01,Electronics,137
2023-01-01,Clothing,335
2023-01-01,Furniture,172
2023-01-02,Electronics,745
2023-01-02,Clothing,244
2023-01-02,Furniture,229
2023-01-03,Electronics,683
2023-01-03,Clothing,608
2023-01-03,Furniture,490
2023-01-04,Electronics,381
2023-01-04,Clothing,278
2023-01-04,Furniture,376
2023-01-05,Electronics,354
2023-01-05,Clothing,457
2023-01-05,Furniture,568
2023-01-06,Electronics,352
2023-01-06,Clothing,590
2023-01-06,Furniture,768
2023-01-07,Electronics,498
2023-01-07,Clothing,662
2023-01-07,Furniture,680
2023-01-08,Electronics,315
2023-01-08,Clothing,603
2023-01-08,Furniture,578
2023-01-09,Electronics,186
2023-01-09,Clothing,241
2023-01-09,Furniture,493
2023-01-10,Electronics,107
2023-01-10,Clothing,419
2023-01-10,Furniture,634
2023-01-11,Electronics,413
2023-01-11,Clothing,613
2023-01-11,Furniture,416
2023-01-12,Electronics,309
2023-01-12,Clothing,364
2023-01-12,Furniture,753
2023-01-13,Electronics,727
2023-01-13,Clothing,531
2023-01-13,Furniture,733
2023-01-14,Electronics,556
2023-01-14,Clothing,642
2023-01-14,Furniture,171
2023-01-15,Electronics,487
2023-01-15,Clothing,554
2023-01-15,Furniture,661
2023-01-16,Electronics,413
2023-01-16,Clothing,615
2023-01-16,Furniture,597
2023-01-17,Electronics,143
2023-01-17,Clothing,688
2023-01-17,Furniture,126
2023-01-18,Electronics,436
2023-01-18,Clothing,721
2023-01-18,Furniture,397
2023-01-19,Electronics,566
2023-01-19,Clothing,115
2023-01-19,Furniture,164
2023-01-20,Electronics,296
2023-01-20,Clothing,125
2023-01-20,Furniture,467
2023-01-21,Electronics,571
2023-01-21,Clothing,382
2023-01-21,Furniture,765
2023-01-22,Electronics,716
2023-01-22,Clothing,122
2023-01-22,Furniture,226
2023-01-23,Electronics,379
2023-01-23,Clothing,481
2023-01-23,Furniture,456
2023-01-24,Electronics,255
2023-01-24,Clothing,413
2023-01-24,Furniture,695
2023-01-25,Electronics,266
2023-01-25,Clothing,748
2023-01-25,Furniture,388
2023-01-26,Electronics,518
2023-01-26,Clothing,379
2023-01-26,Furniture,755
2023-01-27,Electronics,187
2023-01-27,Clothing,343
2023-01-27,Furniture,448
2023-01-28,Electronics,686
2023-01-28,Clothing,290
2023-01-28,Furniture,402
2023-01-29,Electronics,251
2023-01-29,Clothing,795
2023-01-29,Furniture,421
2023-01-30,Electronics,469
2023-01-30,Clothing,353
2023-01-30,Furniture,561
2023-01-31,Electronics,664
2023-01-31,Clothing,569
2023-01-31,Furniture,554
2023-02-01,Electronics,614
2023-02-01,Clothing,688
2023-02-01,Furniture,249
2023-02-02,Electronics,363
2023-02-02,Clothing,177
2023-02-02,Furniture,175
2023-02-03,Electronics,432
2023-02-03,Clothing,143
2023-02-03,Furniture,632
2023-02-04,Electronics,642
2023-02-04,Clothing,648
2023-02-04,Furniture,669
2023-02-05,Electronics,608
2023-02-05,Clothing,310
2023-02-05,Furniture,196
2023-02-06,Electronics,369
2023-02-06,Clothing,110
2023-02-06,Furniture,379
2023-02-07,Electronics,252
2023-02-07,Clothing,576
2023-02-07,Furniture,760
2023-02-08,Electronics,516
2023-02-08,Clothing,240
2023-02-08,Furniture,293
2023-02-09,Electronics,706
2023-02-09,Clothing,672
2023-02-09,Furniture,589
2023-02-10,Electronics,252
2023-02-10,Clothing,438
2023-02-10,Furniture,230
2023-02-11,Electronics,592
2023-02-11,Clothing,715
2023-02-11,Furniture,366
2023-02-12,Electronics,794
2023-02-12,Clothing,589
2023-02-12,Furniture,570
2023-02-13,Electronics,298
2023-02-13,Clothing,427
2023-02-13,Furniture,276
2023-02-14,Electronics,666
2023-02-14,Clothing,115
2023-02-14,Furniture,501
2023-02-15,Electronics,270
2023-02-15,Clothing,120
2023-02-15,Furniture,730
2023-02-16,Electronics,378
2023-02-16,Clothing,585
2023-02-16,Furniture,726
2023-02-17,Electronics,709
2023-02-17,Clothing,793
2023-02-17,Furniture,110
2023-02-18,Electronics,196
2023-02-18,Clothing,283
2023-02-18,Furniture,417
2023-02-19,Electronics,668
2023-02-19,Clothing,505
2023-02-19,Furniture,331
2023-02-20,Electronics,196
2023-02-20,Clothing,605
2023-02-20,Furniture,125
2023-02-21,Electronics,597
2023-02-21,Clothing,241
2023-02-21,Furniture,312
2023-02-22,Electronics,728
2023-02-22,Clothing,746
2023-02-22,Furniture,796
2023-02-23,Electronics,636
2023-02-23,Clothing,237
2023-02-23,Furniture,550
2023-02-24,Electronics,299
2023-02-24,Clothing,425
2023-02-24,Furniture,520
2023-02-25,Electronics,121
2023-02-25,Clothing,396
2023-02-25,Furniture,177
2023-02-26,Electronics,319
2023-02-26,Clothing,789
2023-02-26,Furniture,469
2023-02-27,Electronics,403
2023-02-27,Clothing,561
2023-02-27,Furniture,524
2023-02-28,Electronics,562
2023-02-28,Clothing,657
2023-02-28,Furniture,756
2023-03-01,Electronics,334
2023-03-01,Clothing,657
2023-03-01,Furniture,551
2023-03-02,Electronics,422
2023-03-02,Clothing,402
2023-03-02,Furniture,484
2023-03-03,Electronics,513
2023-03-03,Clothing,163
2023-03-03,Furniture,647
2023-03-04,Electronics,577
2023-03-04,Clothing,645
2023-03-04,Furniture,742
2023-03-05,Electronics,568
2023-03-05,Clothing,695
2023-03-05,Furniture,148
2023-03-06,Electronics,388
2023-03-06,Clothing,353
2023-03-06,Furniture,768
2023-03-07,Electronics,155
2023-03-07,Clothing,387
2023-03-07,Furniture,128
2023-03-08,Electronics,322
2023-03-08,Clothing,430
2023-03-08,Furniture,236
2023-03-09,Electronics,209
2023-03-09,Clothing,711
2023-03-09,Furniture,132
2023-03-10,Electronics,620
2023-03-10,Clothing,696
2023-03-10,Furniture,662
2023-03-11,Electronics,691
2023-03-11,Clothing,269
2023-03-11,Furniture,720
2023-03-12,Electronics,311
2023-03-12,Clothing,124
2023-03-12,Furniture,213
2023-03-13,Electronics,144
2023-03-13,Clothing,371
2023-03-13,Furniture,770
2023-03-14,Electronics,575
2023-03-14,Clothing,599
2023-03-14,Furniture,351
2023-03-15,Electronics,766
2023-03-15,Clothing,335
2023-03-15,Furniture,186
2023-03-16,Electronics,491
2023-03-16,Clothing,153
2023-03-16,Furniture,531
2023-03-17,Electronics,544
2023-03-17,Clothing,390
2023-03-17,Furniture,200
2023-03-18,Electronics,551
2023-03-18,Clothing,329
2023-03-18,Furniture,706
2023-03-19,Electronics,266
2023-03-19,Clothing,787
2023-03-19,Furniture,331
2023-03-20,Electronics,179
2023-03-20,Clothing,675
2023-03-20,Furniture,187
2023-03-21,Electronics,516
2023-03-21,Clothing,770
2023-03-21,Furniture,757
2023-03-22,Electronics,424
2023-03-22,Clothing,288
2023-03-22,Furniture,600
2023-03-23,Electronics,306
2023-03-23,Clothing,245
2023-03-23,Furniture,267
2023-03-24,Electronics,263
2023-03-24,Clothing,565
2023-03-24,Furniture,768
2023-03-25,Electronics,762
2023-03-25,Clothing,781
2023-03-25,Furniture,558
2023-03-26,Electronics,426
2023-03-26,Clothing,765
2023-03-26,Furniture,330
2023-03-27,Electronics,340
2023-03-27,Clothing,148
2023-03-27,Furniture,790
2023-03-28,Electronics,400
2023-03-28,Clothing,717
2023-03-28,Furniture,282
2023-03-29,Electronics,356
2023-03-29,Clothing,442
2023-03-29,Furniture,603
2023-03-30,Electronics,375
2023-03-30,Clothing,724
2023-03-30,Furniture,151
2023-03-31,Electronics,238
2023-03-31,Clothing,223
2023-03-31,Furniture,424
2023-04-01,Electronics,507
2023-04-01,Clothing,370
2023-04-01,Furniture,633
2023-04-02,Electronics,274
2023-04-02,Clothing,480
2023-04-02,Furniture,231
2023-04-03,Electronics,540
2023-04-03,Clothing,308
2023-04-03,Furniture,666
2023-04-04,Electronics,683
2023-04-04,Clothing,608
2023-04-04,Furniture,626
2023-04-05,Electronics,243
2023-04-05,Clothing,509
2023-04-05,Furniture,605
2023-04-06,Electronics,726
2023-04-06,Clothing,656
2023-04-06,Furniture,137
2023-04-07,Electronics,250
2023-04-07,Clothing,575
2023-04-07,Furniture,538
2023-04-08,Electronics,432
2023-04-08,Clothing,624
2023-04-08,Furniture,476
2023-04-09,Electronics,415
2023-04-09,Clothing,523
2023-04-09,Furniture,737
2023-04-10,Electronics,143
2023-04-10,Clothing,560
2023-04-10,Furniture,703
2023-04-11,Electronics,724
2023-04-11,Clothing,353
2023-04-11,Furniture,517
2023-04-12,Electronics,271
2023-04-12,Clothing,510
2023-04-12,Furniture,796
2023-04-13,Electronics,685
2023-04-13,Clothing,408
2023-04-13,Furniture,701
2023-04-14,Electronics,639
2023-04-14,Clothing,143
2023-04-14,Furniture,101
2023-04-15,Electronics,438
2023-04-15,Clothing,227
2023-04-15,Furniture,706
2023-04-16,Electronics,510
2023-04-16,Clothing,642
2023-04-16,Furniture,164
2023-04-17,Electronics,250
2023-04-17,Clothing,710
2023-04-17,Furniture,743
2023-04-18,Electronics,170
2023-04-18,Clothing,752
2023-04-18,Furniture,395
2023-04-19,Electronics,330
2023-04-19,Clothing,183
2023-04-19,Furniture,276
2023-04-20,Electronics,417
2023-04-20,Clothing,554
2023-04-20,Furniture,264
2023-04-21,Electronics,379
2023-04-21,Clothing,506
2023-04-21,Furniture,550
2023-04-22,Electronics,734
2023-04-22,Clothing,576
2023-04-22,Furniture,349
2023-04-23,Electronics,590
2023-04-23,Clothing,451
2023-04-23,Furniture,665
2023-04-24,Electronics,781
2023-04-24,Clothing,541
2023-04-24,Furniture,465
2023-04-25,Electronics,462
2023-04-25,Clothing,205
2023-04-25,Furniture,136
2023-04-26,Electronics,212
2023-04-26,Clothing,244
2023-04-26,Furniture,258
2023-04-27,Electronics,215
2023-04-27,Clothing,718
2023-04-27,Furniture,312
2023-04-28,Electronics,525
2023-04-28,Clothing,437
2023-04-28,Furniture,313
2023-04-29,Electronics,193
2023-04-29,Clothing,264
2023-04-29,Furniture,721
2023-04-30,Electronics,402
2023-04-30,Clothing,428
2023-04-30,Furniture,640
2023-05-01,Electronics,742
2023-05-01,Clothing,497
2023-05-01,Furniture,525
2023-05-02,Electronics,392
2023-05-02,Clothing,268
2023-05-02,Furniture,118
2023-05-03,Electronics,325
2023-05-03,Clothing,419
2023-05-03,Furniture,599
2023-05-04,Electronics,658
2023-05-04,Clothing,460
2023-05-04,Furniture,317
2023-05-05,Electronics,212
2023-05-05,Clothing,611
2023-05-05,Furniture,457
2023-05-06,Electronics,614
2023-05-06,Clothing,198
2023-05-06,Furniture,542
2023-05-07,Electronics,782
2023-05-07,Clothing,332
2023-05-07,Furniture,670
2023-05-08,Electronics,500
2023-05-08,Clothing,649
2023-05-08,Furniture,337
2023-05-09,Electronics,588
2023-05-09,Clothing,334
2023-05-09,Furniture,618
2023-05-10,Electronics,196
2023-05-10,Clothing,754
2023-05-10,Furniture,200
2023-05-11,Electronics,443
2023-05-11,Clothing,303
2023-05-11,Furniture,479
2023-05-12,Electronics,644
2023-05-12,Clothing,722
2023-05-12,Furniture,789
2023-05-13,Electronics,228
2023-05-13,Clothing,762
2023-05-13,Furniture,197
2023-05-14,Electronics,554
2023-05-14,Clothing,776
2023-05-14,Furniture,768
2023-05-15,Electronics,585
2023-05-15,Clothing,664
2023-05-15,Furniture,714
2023-05-16,Electronics,598
2023-05-16,Clothing,477
2023-05-16,Furniture,619
2023-05-17,Electronics,569
2023-05-17,Clothing,372
2023-05-17,Furniture,769
2023-05-18,Electronics,545
2023-05-18,Clothing,460
2023-05-18,Furniture,642
2023-05-19,Electronics,236
2023-05-19,Clothing,268
2023-05-19,Furniture,258
2023-05-20,Electronics,507
2023-05-20,Clothing,550
2023-05-20,Furniture,240
2023-05-21,Electronics,757
2023-05-21,Clothing,517
2023-05-21,Furniture,622
2023-05-22,Electronics,128
2023-05-22,Clothing,745
2023-05-22,Furniture,142
2023-05-23,Electronics,698
2023-05-23,Clothing,412
2023-05-23,Furniture,690
2023-05-24,Electronics,473
2023-05-24,Clothing,601
2023-05-24,Furniture,496
2023-05-25,Electronics,253
2023-05-25,Clothing,433
2023-05-25,Furniture,360
2023-05-26,Electronics,767
2023-05-26,Clothing,743
2023-05-26,Furniture,798
2023-05-27,Electronics,624
2023-05-27,Clothing,230
2023-05-27,Furniture,452
2023-05-28,Electronics,417
2023-05-28,Clothing,499
2023-05-28,Furniture,456
2023-05-29,Electronics,606
2023-05-29,Clothing,258
2023-05-29,Furniture,745
2023-05-30,Electronics,244
2023-05-30,Clothing,708
2023-05-30,Furniture,527
2023-05-31,Electronics,387
2023-05-31,Clothing,711
2023-05-31,Furniture,400
2023-06-01,Electronics,633
2023-06-01,Clothing,645
2023-06-01,Furniture,104
2023-06-02,Electronics,651
2023-06-02,Clothing,224
2023-06-02,Furniture,167
2023-06-03,Electronics,262
2023-06-03,Clothing,262
2023-06-03,Furniture,142
2023-06-04,Electronics,138
2023-06-04,Clothing,478
2023-06-04,Furniture,788
2023-06-05,Electronics,222
2023-06-05,Clothing,610
2023-06-05,Furniture,606
2023-06-06,Electronics,330
2023-06-06,Clothing,319
2023-06-06,Furniture,601
2023-06-07,Electronics,492
2023-06-07,Clothing,396
2023-06-07,Furniture,297
2023-06-08,Electronics,617
2023-06-08,Clothing,107
2023-06-08,Furniture,562
2023-06-09,Electronics,434
2023-06-09,Clothing,645
2023-06-09,Furniture,639
2023-06-10,Electronics,791
2023-06-10,Clothing,177
2023-06-10,Furniture,130
2023-06-11,Electronics,274
2023-06-11,Clothing,109
2023-06-11,Furniture,453
2023-06-12,Electronics,327
2023-06-12,Clothing,692
2023-06-12,Furniture,384
2023-06-13,Electronics,777
2023-06-13,Clothing,548
2023-06-13,Furniture,521
2023-06-14,Electronics,502
2023-06-14,Clothing,434
2023-06-14,Furniture,459
2023-06-15,Electronics,554
2023-06-15,Clothing,152
2023-06-15,Furniture,494
2023-06-16,Electronics,163
2023-06-16,Clothing,735
2023-06-16,Furniture,758
2023-06-17,Electronics,257
2023-06-17,Clothing,604
2023-06-17,Furniture,139
2023-06-18,Electronics,666
2023-06-18,Clothing,129
2023-06-18,Furniture,283
2023-06-19,Electronics,459
2023-06-19,Clothing,446
2023-06-19,Furniture,496
2023-06-20,Electronics,245
2023-06-20,Clothing,171
2023-06-20,Furniture,703
2023-06-21,Electronics,480
2023-06-21,Clothing,567
2023-06-21,Furniture,284
2023-06-22,Electronics,663
2023-06-22,Clothing,674
2023-06-22,Furniture,202
2023-06-23,Electronics,279
2023-06-23,Clothing,708
2023-06-23,Furniture,642
2023-06-24,Electronics,250
2023-06-24,Clothing,361
2023-06-24,Furniture,575
2023-06-25,Electronics,195
2023-06-25,Clothing,461
2023-06-25,Furniture,506
2023-06-26,Electronics,216
2023-06-26,Clothing,465
2023-06-26,Furniture,122
2023-06-27,Electronics,502
2023-06-27,Clothing,321
2023-06-27,Furniture,385
2023-06-28,Electronics,118
2023-06-28,Clothing,152
2023-06-28,Furniture,222
2023-06-29,Electronics,643
2023-06-29,Clothing,405
2023-06-29,Furniture,567
2023-06-30,Electronics,477
2023-06-30,Clothing,273
2023-06-30,Furniture,442
2023-07-01,Electronics,299
2023-07-01,Clothing,788
2023-07-01,Furniture,512
2023-07-02,Electronics,247
2023-07-02,Clothing,691
2023-07-02,Furniture,444
2023-07-03,Electronics,314
2023-07-03,Clothing,623
2023-07-03,Furniture,329
2023-07-04,Electronics,549
2023-07-04,Clothing,705
2023-07-04,Furniture,371
2023-07-05,Electronics,791
2023-07-05,Clothing,657
2023-07-05,Furniture,471
2023-07-06,Electronics,547
2023-07-06,Clothing,762
2023-07-06,Furniture,209
2023-07-07,Electronics,715
2023-07-07,Clothing,566
2023-07-07,Furniture,268
2023-07-08,Electronics,784
2023-07-08,Clothing,373
2023-07-08,Furniture,700
2023-07-09,Electronics,330
2023-07-09,Clothing,340
2023-07-09,Furniture,453
2023-07-10,Electronics,182
2023-07-10,Clothing,600
2023-07-10,Furniture,114
2023-07-11,Electronics,776
2023-07-11,Clothing,126
2023-07-11,Furniture,444
2023-07-12,Electronics,601
2023-07-12,Clothing,122
2023-07-12,Furniture,633
2023-07-13,Electronics,296
2023-07-13,Clothing,788
2023-07-13,Furniture,218
2023-07-14,Electronics,246
2023-07-14,Clothing,453
2023-07-14,Furniture,751
2023-07-15,Electronics,751
2023-07-15,Clothing,477
2023-07-15,Furniture,536
2023-07-16,Electronics,680
2023-07-16,Clothing,273
2023-07-16,Furniture,292
2023-07-17,Electronics,189
2023-07-17,Clothing,652
2023-07-17,Furniture,346
2023-07-18,Electronics,389
2023-07-18,Clothing,670
2023-07-18,Furniture,363
2023-07-19,Electronics,262
2023-07-19,Clothing,232
2023-07-19,Furniture,489
2023-07-20,Electronics,218
2023-07-20,Clothing,278
2023-07-20,Furniture,688
2023-07-21,Electronics,529
2023-07-21,Clothing,354
2023-07-21,Furniture,452
2023-07-22,Electronics,214
2023-07-22,Clothing,481
2023-07-22,Furniture,192
2023-07-23,Electronics,427
2023-07-23,Clothing,765
2023-07-23,Furniture,589
2023-07-24,Electronics,347
2023-07-24,Clothing,101
2023-07-24,Furniture,369
2023-07-25,Electronics,216
2023-07-25,Clothing,138
2023-07-25,Furniture,313
2023-07-26,Electronics,511
2023-07-26,Clothing,778
2023-07-26,Furniture,261
2023-07-27,Electronics,515
2023-07-27,Clothing,345
2023-07-27,Furniture,213
2023-07-28,Electronics,726
2023-07-28,Clothing,394
2023-07-28,Furniture,128
2023-07-29,Electronics,726
2023-07-29,Clothing,131
2023-07-29,Furniture,279
2023-07-30,Electronics,166
2023-07-30,Clothing,100
2023-07-30,Furniture,466
2023-07-31,Electronics,527
2023-07-31,Clothing,464
2023-07-31,Furniture,244
2023-08-01,Electronics,481
2023-08-01,Clothing,324
2023-08-01,Furniture,397
2023-08-02,Electronics,252
2023-08-02,Clothing,377
2023-08-02,Furniture,146
2023-08-03,Electronics,391
2023-08-03,Clothing,418
2023-08-03,Furniture,168
2023-08-04,Electronics,418
2023-08-04,Clothing,644
2023-08-04,Furniture,349
2023-08-05,Electronics,145
2023-08-05,Clothing,458
2023-08-05,Furniture,471
2023-08-06,Electronics,157
2023-08-06,Clothing,765
2023-08-06,Furniture,460
2023-08-07,Electronics,133
2023-08-07,Clothing,602
2023-08-07,Furniture,746
2023-08-08,Electronics,293
2023-08-08,Clothing,407
2023-08-08,Furniture,643
2023-08-09,Electronics,491
2023-08-09,Clothing,351
2023-08-09,Furniture,241
2023-08-10,Electronics,227
2023-08-10,Clothing,487
2023-08-10,Furniture,512
2023-08-11,Electronics,755
2023-08-11,Clothing,678
2023-08-11,Furniture,161
2023-08-12,Electronics,196
2023-08-12,Clothing,670
2023-08-12,Furniture,606
2023-08-13,Electronics,285
2023-08-13,Clothing,196
2023-08-13,Furniture,608
2023-08-14,Electronics,439
2023-08-14,Clothing,376
2023-08-14,Furniture,604
2023-08-15,Electronics,140
2023-08-15,Clothing,610
2023-08-15,Furniture,210
2023-08-16,Electronics,534
2023-08-16,Clothing,602
2023-08-16,Furniture,232
2023-08-17,Electronics,365
2023-08-17,Clothing,224
2023-08-17,Furniture,484
2023-08-18,Electronics,318
2023-08-18,Clothing,505
2023-08-18,Furniture,607
2023-08-19,Electronics,174
2023-08-19,Clothing,249
2023-08-19,Furniture,346
2023-08-20,Electronics,517
2023-08-20,Clothing,266
2023-08-20,Furniture,655
2023-08-21,Electronics,203
2023-08-21,Clothing,645
2023-08-21,Furniture,195
2023-08-22,Electronics,525
2023-08-22,Clothing,299
2023-08-22,Furniture,169
2023-08-23,Electronics,123
2023-08-23,Clothing,206
2023-08-23,Furniture,139
2023-08-24,Electronics,131
2023-08-24,Clothing,393
2023-08-24,Furniture,138
2023-08-25,Electronics,284
2023-08-25,Clothing,520
2023-08-25,Furniture,678
2023-08-26,Electronics,568
2023-08-26,Clothing,116
2023-08-26,Furniture,608
2023-08-27,Electronics,799
2023-08-27,Clothing,665
2023-08-27,Furniture,221
2023-08-28,Electronics,343
2023-08-28,Clothing,558
2023-08-28,Furniture,786
2023-08-29,Electronics,255
2023-08-29,Clothing,773
2023-08-29,Furniture,680
2023-08-30,Electronics,651
2023-08-30,Clothing,645
2023-08-30,Furniture,177
2023-08-31,Electronics,161
2023-08-31,Clothing,648
2023-08-31,Furniture,606
2023-09-01,Electronics,537
2023-09-01,Clothing,382
2023-09-01,Furniture,583
2023-09-02,Electronics,624
2023-09-02,Clothing,381
2023-09-02,Furniture,485
2023-09-03,Electronics,592
2023-09-03,Clothing,781
2023-09-03,Furniture,719
2023-09-04,Electronics,667
2023-09-04,Clothing,667
2023-09-04,Furniture,548
2023-09-05,Electronics,755
2023-09-05,Clothing,576
2023-09-05,Furniture,396
2023-09-06,Electronics,416
2023-09-06,Clothing,682
2023-09-06,Furniture,533
2023-09-07,Electronics,278
2023-09-07,Clothing,772
2023-09-07,Furniture,318
2023-09-08,Electronics,376
2023-09-08,Clothing,408
2023-09-08,Furniture,650
2023-09-09,Electronics,549
2023-09-09,Clothing,189
2023-09-09,Furniture,676
2023-09-10,Electronics,142
2023-09-10,Clothing,197
2023-09-10,Furniture,101
2023-09-11,Electronics,189
2023-09-11,Clothing,138
2023-09-11,Furniture,118
2023-09-12,Electronics,572
2023-09-12,Clothing,592
2023-09-12,Furniture,574
2023-09-13,Electronics,567
2023-09-13,Clothing,395
2023-09-13,Furniture,227
2023-09-14,Electronics,371
2023-09-14,Clothing,393
2023-09-14,Furniture,586
2023-09-15,Electronics,264
2023-09-15,Clothing,454
2023-09-15,Furniture,227
2023-09-16,Electronics,338
2023-09-16,Clothing,132
2023-09-16,Furniture,770
2023-09-17,Electronics,107
2023-09-17,Clothing,212
2023-09-17,Furniture,150
2023-09-18,Electronics,790
2023-09-18,Clothing,260
2023-09-18,Furniture,101
2023-09-19,Electronics,709
2023-09-19,Clothing,474
2023-09-19,Furniture,279
2023-09-20,Electronics,642
2023-09-20,Clothing,694
2023-09-20,Furniture,789
2023-09-21,Electronics,437
2023-09-21,Clothing,555
2023-09-21,Furniture,505
2023-09-22,Electronics,630
2023-09-22,Clothing,786
2023-09-22,Furniture,272
2023-09-23,Electronics,237
2023-09-23,Clothing,488
2023-09-23,Furniture,177
2023-09-24,Electronics,611
2023-09-24,Clothing,251
2023-09-24,Furniture,195
2023-09-25,Electronics,287
2023-09-25,Clothing,737
2023-09-25,Furniture,164
2023-09-26,Electronics,515
2023-09-26,Clothing,741
2023-09-26,Furniture,184
2023-09-27,Electronics,333
2023-09-27,Clothing,168
2023-09-27,Furniture,154
2023-09-28,Electronics,125
2023-09-28,Clothing,567
2023-09-28,Furniture,511
2023-09-29,Electronics,668
2023-09-29,Clothing,704
2023-09-29,Furniture,432
2023-09-30,Electronics,274
2023-09-30,Clothing,111
2023-09-30,Furniture,236
2023-10-01,Electronics,545
2023-10-01,Clothing,251
2023-10-01,Furniture,444
2023-10-02,Electronics,317
2023-10-02,Clothing,566
2023-10-02,Furniture,310
2023-10-03,Electronics,105
2023-10-03,Clothing,782
2023-10-03,Furniture,633
2023-10-04,Electronics,217
2023-10-04,Clothing,685
2023-10-04,Furniture,758
2023-10-05,Electronics,251
2023-10-05,Clothing,657
2023-10-05,Furniture,579
2023-10-06,Electronics,481
2023-10-06,Clothing,664
2023-10-06,Furniture,794
2023-10-07,Electronics,467
2023-10-07,Clothing,545
2023-10-07,Furniture,780
2023-10-08,Electronics,428
2023-10-08,Clothing,378
2023-10-08,Furniture,102
2023-10-09,Electronics,314
2023-10-09,Clothing,357
2023-10-09,Furniture,172
2023-10-10,Electronics,407
2023-10-10,Clothing,555
2023-10-10,Furniture,177
2023-10-11,Electronics,660
2023-10-11,Clothing,356
2023-10-11,Furniture,654
2023-10-12,Electronics,395
2023-10-12,Clothing,615
2023-10-12,Furniture,541
2023-10-13,Electronics,665
2023-10-13,Clothing,799
2023-10-13,Furniture,422
2023-10-14,Electronics,703
2023-10-14,Clothing,361
2023-10-14,Furniture,126
2023-10-15,Electronics,131
2023-10-15,Clothing,623
2023-10-15,Furniture,487
2023-10-16,Electronics,794
2023-10-16,Clothing,229
2023-10-16,Furniture,113
2023-10-17,Electronics,159
2023-10-17,Clothing,540
2023-10-17,Furniture,236
2023-10-18,Electronics,138
2023-10-18,Clothing,488
2023-10-18,Furniture,426
2023-10-19,Electronics,105
2023-10-19,Clothing,563
2023-10-19,Furniture,184
2023-10-20,Electronics,287
2023-10-20,Clothing,131
2023-10-20,Furniture,574
2023-10-21,Electronics,107
2023-10-21,Clothing,335
2023-10-21,Furniture,422
2023-10-22,Electronics,260
2023-10-22,Clothing,559
2023-10-22,Furniture,400
2023-10-23,Electronics,649
2023-10-23,Clothing,275
2023-10-23,Furniture,557
2023-10-24,Electronics,574
2023-10-24,Clothing,440
2023-10-24,Furniture,549
2023-10-25,Electronics,152
2023-10-25,Clothing,445
2023-10-25,Furniture,128
2023-10-26,Electronics,337
2023-10-26,Clothing,307
2023-10-26,Furniture,494
2023-10-27,Electronics,354
2023-10-27,Clothing,513
2023-10-27,Furniture,245
2023-10-28,Electronics,309
2023-10-28,Clothing,530
2023-10-28,Furniture,107
2023-10-29,Electronics,117
2023-10-29,Clothing,186
2023-10-29,Furniture,417
2023-10-30,Electronics,420
2023-10-30,Clothing,619
2023-10-30,Furniture,795
2023-10-31,Electronics,583
2023-10-31,Clothing,143
2023-10-31,Furniture,582
2023-11-01,Electronics,155
2023-11-01,Clothing,332
2023-11-01,Furniture,361
2023-11-02,Electronics,406
2023-11-02,Clothing,291
2023-11-02,Furniture,792
2023-11-03,Electronics,205
2023-11-03,Clothing,326
2023-11-03,Furniture,265
2023-11-04,Electronics,573
2023-11-04,Clothing,360
2023-11-04,Furniture,239
2023-11-05,Electronics,641
2023-11-05,Clothing,573
2023-11-05,Furniture,516
2023-11-06,Electronics,790
2023-11-06,Clothing,332
2023-11-06,Furniture,791
2023-11-07,Electronics,782
2023-11-07,Clothing,507
2023-11-07,Furniture,225
2023-11-08,Electronics,701
2023-11-08,Clothing,143
2023-11-08,Furniture,354
2023-11-09,Electronics,470
2023-11-09,Clothing,716
2023-11-09,Furniture,195
2023-11-10,Electronics,384
2023-11-10,Clothing,164
2023-11-10,Furniture,214
2023-11-11,Electronics,314
2023-11-11,Clothing,739
2023-11-11,Furniture,407
2023-11-12,Electronics,110
2023-11-12,Clothing,643
2023-11-12,Furniture,600
2023-11-13,Electronics,109
2023-11-13,Clothing,203
2023-11-13,Furniture,234
2023-11-14,Electronics,770
2023-11-14,Clothing,758
2023-11-14,Furniture,752
2023-11-15,Electronics,429
2023-11-15,Clothing,174
2023-11-15,Furniture,447
2023-11-16,Electronics,313
2023-11-16,Clothing,665
2023-11-16,Furniture,270
2023-11-17,Electronics,746
2023-11-17,Clothing,493
2023-11-17,Furniture,264
2023-11-18,Electronics,571
2023-11-18,Clothing,287
2023-11-18,Furniture,537
2023-11-19,Electronics,630
2023-11-19,Clothing,206
2023-11-19,Furniture,121
2023-11-20,Electronics,167
2023-11-20,Clothing,609
2023-11-20,Furniture,114
2023-11-21,Electronics,120
2023-11-21,Clothing,480
2023-11-21,Furniture,365
2023-11-22,Electronics,654
2023-11-22,Clothing,463
2023-11-22,Furniture,177
2023-11-23,Electronics,142
2023-11-23,Clothing,391
2023-11-23,Furniture,256
2023-11-24,Electronics,185
2023-11-24,Clothing,134
2023-11-24,Furniture,334
2023-11-25,Electronics,320
2023-11-25,Clothing,492
2023-11-25,Furniture,676
2023-11-26,Electronics,374
2023-11-26,Clothing,266
2023-11-26,Furniture,344
2023-11-27,Electronics,280
2023-11-27,Clothing,593
2023-11-27,Furniture,125
2023-11-28,Electronics,455
2023-11-28,Clothing,681
2023-11-28,Furniture,643
2023-11-29,Electronics,159
2023-11-29,Clothing,418
2023-11-29,Furniture,129
2023-11-30,Electronics,422
2023-11-30,Clothing,735
2023-11-30,Furniture,132
2023-12-01,Electronics,349
2023-12-01,Clothing,449
2023-12-01,Furniture,300
2023-12-02,Electronics,168
2023-12-02,Clothing,650
2023-12-02,Furniture,416
2023-12-03,Electronics,197
2023-12-03,Clothing,602
2023-12-03,Furniture,434
2023-12-04,Electronics,519
2023-12-04,Clothing,539
2023-12-04,Furniture,256
2023-12-05,Electronics,785
2023-12-05,Clothing,192
2023-12-05,Furniture,540
2023-12-06,Electronics,616
2023-12-06,Clothing,131
2023-12-06,Furniture,176
2023-12-07,Electronics,536
2023-12-07,Clothing,350
2023-12-07,Furniture,695
2023-12-08,Electronics,584
2023-12-08,Clothing,174
2023-12-08,Furniture,682
2023-12-09,Electronics,285
2023-12-09,Clothing,199
2023-12-09,Furniture,548
2023-12-10,Electronics,141
2023-12-10,Clothing,598
2023-12-10,Furniture,788
2023-12-11,Electronics,782
2023-12-11,Clothing,469
2023-12-11,Furniture,342
2023-12-12,Electronics,762
2023-12-12,Clothing,676
2023-12-12,Furniture,289
2023-12-13,Electronics,288
2023-12-13,Clothing,465
2023-12-13,Furniture,196
2023-12-14,Electronics,255
2023-12-14,Clothing,356
2023-12-14,Furniture,766
2023-12-15,Electronics,376
2023-12-15,Clothing,126
2023-12-15,Furniture,457
2023-12-16,Electronics,588
2023-12-16,Clothing,353
2023-12-16,Furniture,566
2023-12-17,Electronics,415
2023-12-17,Clothing,729
2023-12-17,Furniture,469
2023-12-18,Electronics,674
2023-12-18,Clothing,598
2023-12-18,Furniture,778
2023-12-19,Electronics,763
2023-12-19,Clothing,680
2023-12-19,Furniture,289
2023-12-20,Electronics,443
2023-12-20,Clothing,550
2023-12-20,Furniture,776
2023-12-21,Electronics,249
2023-12-21,Clothing,305
2023-12-21,Furniture,462
2023-12-22,Electronics,766
2023-12-22,Clothing,516
2023-12-22,Furniture,620
2023-12-23,Electronics,168
2023-12-23,Clothing,694
2023-12-23,Furniture,410
2023-12-24,Electronics,483
2023-12-24,Clothing,603
2023-12-24,Furniture,189
2023-12-25,Electronics,495
2023-12-25,Clothing,494
2023-12-25,Furniture,316
2023-12-26,Electronics,124
2023-12-26,Clothing,349
2023-12-26,Furniture,552
2023-12-27,Electronics,733
2023-12-27,Clothing,241
2023-12-27,Furniture,106
2023-12-28,Electronics,102
2023-12-28,Clothing,423
2023-12-28,Furniture,449
2023-12-29,Electronics,334
2023-12-29,Clothing,488
2023-12-29,Furniture,256
2023-12-30,Electronics,135
2023-12-30,Clothing,458
2023-12-30,Furniture,305
2023-12-31,Electronics,274
2023-12-31,Clothing,178
2023-12-31,Furniture,717
2024-01-01,Electronics,490
2024-01-01,Clothing,319
2024-01-01,Furniture,248
2024-01-02,Electronics,251
2024-01-02,Clothing,583
2024-01-02,Furniture,362
2024-01-03,Electronics,150
2024-01-03,Clothing,190
2024-01-03,Furniture,109
2024-01-04,Electronics,717
2024-01-04,Clothing,697
2024-01-04,Furniture,595
2024-01-05,Electronics,133
2024-01-05,Clothing,555
2024-01-05,Furniture,221
2024-01-06,Electronics,492
2024-01-06,Clothing,587
2024-01-06,Furniture,133
2024-01-07,Electronics,738
2024-01-07,Clothing,545
2024-01-07,Furniture,619
2024-01-08,Electronics,525
2024-01-08,Clothing,127
2024-01-08,Furniture,396
2024-01-09,Electronics,555
2024-01-09,Clothing,657
2024-01-09,Furniture,749
2024-01-10,Electronics,146
2024-01-10,Clothing,733
2024-01-10,Furniture,670
2024-01-11,Electronics,121
2024-01-11,Clothing,356
2024-01-11,Furniture,759
2024-01-12,Electronics,247
2024-01-12,Clothing,127
2024-01-12,Furniture,197
2024-01-13,Electronics,338
2024-01-13,Clothing,505
2024-01-13,Furniture,450
2024-01-14,Electronics,339
2024-01-14,Clothing,502
2024-01-14,Furniture,391
2024-01-15,Electronics,195
2024-01-15,Clothing,129
2024-01-15,Furniture,459
2024-01-16,Electronics,378
2024-01-16,Clothing,540
2024-01-16,Furniture,347
2024-01-17,Electronics,684
2024-01-17,Clothing,643
2024-01-17,Furniture,694
2024-01-18,Electronics,747
2024-01-18,Clothing,236
2024-01-18,Furniture,417
2024-01-19,Electronics,123
2024-01-19,Clothing,594
2024-01-19,Furniture,390
2024-01-20,Electronics,351
2024-01-20,Clothing,231
2024-01-20,Furniture,411
2024-01-21,Electronics,596
2024-01-21,Clothing,115
2024-01-21,Furniture,380
2024-01-22,Electronics,674
2024-01-22,Clothing,206
2024-01-22,Furniture,221
2024-01-23,Electronics,638
2024-01-23,Clothing,710
2024-01-23,Furniture,337
2024-01-24,Electronics,659
2024-01-24,Clothing,571
2024-01-24,Furniture,588
2024-01-25,Electronics,263
2024-01-25,Clothing,600
2024-01-25,Furniture,756
2024-01-26,Electronics,315
2024-01-26,Clothing,339
2024-01-26,Furniture,574
2024-01-27,Electronics,443
2024-01-27,Clothing,285
2024-01-27,Furniture,380
2024-01-28,Electronics,408
2024-01-28,Clothing,499
2024-01-28,Furniture,295
2024-01-29,Electronics,173
2024-01-29,Clothing,274
2024-01-29,Furniture,504
2024-01-30,Electronics,422
2024-01-30,Clothing,112
2024-01-30,Furniture,509
2024-01-31,Electronics,740
2024-01-31,Clothing,197
2024-01-31,Furniture,326
2024-02-01,Electronics,239
2024-02-01,Clothing,446
2024-02-01,Furniture,343
2024-02-02,Electronics,154
2024-02-02,Clothing,787
2024-02-02,Furniture,561
2024-02-03,Electronics,396
2024-02-03,Clothing,543
2024-02-03,Furniture,701
2024-02-04,Electronics,594
2024-02-04,Clothing,133
2024-02-04,Furniture,522
2024-02-05,Electronics,591
2024-02-05,Clothing,504
2024-02-05,Furniture,621
2024-02-06,Electronics,590
2024-02-06,Clothing,423
2024-02-06,Furniture,693
2024-02-07,Electronics,179
2024-02-07,Clothing,275
2024-02-07,Furniture,554
2024-02-08,Electronics,526
2024-02-08,Clothing,745
2024-02-08,Furniture,504
2024-02-09,Electronics,287
2024-02-09,Clothing,414
2024-02-09,Furniture,179
2024-02-10,Electronics,798
2024-02-10,Clothing,675
2024-02-10,Furniture,695
2024-02-11,Electronics,732
2024-02-11,Clothing,216
2024-02-11,Furniture,127
2024-02-12,Electronics,379
2024-02-12,Clothing,681
2024-02-12,Furniture,552
2024-02-13,Electronics,379
2024-02-13,Clothing,530
2024-02-13,Furniture,395
2024-02-14,Electronics,166
2024-02-14,Clothing,433
2024-02-14,Furniture,718
2024-02-15,Electronics,254
2024-02-15,Clothing,739
2024-02-15,Furniture,501
2024-02-16,Electronics,699
2024-02-16,Clothing,273
2024-02-16,Furniture,505
2024-02-17,Electronics,339
2024-02-17,Clothing,629
2024-02-17,Furniture,796
2024-02-18,Electronics,389
2024-02-18,Clothing,527
2024-02-18,Furniture,582
2024-02-19,Electronics,614
2024-02-19,Clothing,452
2024-02-19,Furniture,446
2024-02-20,Electronics,183
2024-02-20,Clothing,510
2024-02-20,Furniture,471
2024-02-21,Electronics,155
2024-02-21,Clothing,107
2024-02-21,Furniture,259
2024-02-22,Electronics,560
2024-02-22,Clothing,298
2024-02-22,Furniture,192
2024-02-23,Electronics,454
2024-02-23,Clothing,313
2024-02-23,Furniture,174
2024-02-24,Electronics,499
2024-02-24,Clothing,729
2024-02-24,Furniture,242
2024-02-25,Electronics,668
2024-02-25,Clothing,315
2024-02-25,Furniture,101
2024-02-26,Electronics,432
2024-02-26,Clothing,339
2024-02-26,Furniture,758
2024-02-27,Electronics,162
2024-02-27,Clothing,408
2024-02-27,Furniture,384
2024-02-28,Electronics,699
2024-02-28,Clothing,394
2024-02-28,Furniture,248
2024-02-29,Electronics,709
2024-02-29,Clothing,279
2024-02-29,Furniture,210
2024-03-01,Electronics,671
2024-03-01,Clothing,450
2024-03-01,Furniture,548
2024-03-02,Electronics,626
2024-03-02,Clothing,581
2024-03-02,Furniture,408
2024-03-03,Electronics,144
2024-03-03,Clothing,628
2024-03-03,Furniture,465
2024-03-04,Electronics,209
2024-03-04,Clothing,351
2024-03-04,Furniture,622
2024-03-05,Electronics,145
2024-03-05,Clothing,316
2024-03-05,Furniture,690
2024-03-06,Electronics,203
2024-03-06,Clothing,415
2024-03-06,Furniture,782
2024-03-07,Electronics,361
2024-03-07,Clothing,702
2024-03-07,Furniture,667
2024-03-08,Electronics,597
2024-03-08,Clothing,398
2024-03-08,Furniture,376
2024-03-09,Electronics,188
2024-03-09,Clothing,374
2024-03-09,Furniture,192
2024-03-10,Electronics,533
2024-03-10,Clothing,311
2024-03-10,Furniture,243
2024-03-11,Electronics,629
2024-03-11,Clothing,289
2024-03-11,Furniture,235
2024-03-12,Electronics,587
2024-03-12,Clothing,155
2024-03-12,Furniture,230
2024-03-13,Electronics,574
2024-03-13,Clothing,599
2024-03-13,Furniture,232
2024-03-14,Electronics,116
2024-03-14,Clothing,561
2024-03-14,Furniture,680
2024-03-15,Electronics,386
2024-03-15,Clothing,152
2024-03-15,Furniture,520
2024-03-16,Electronics,454
2024-03-16,Clothing,287
2024-03-16,Furniture,643
2024-03-17,Electronics,464
2024-03-17,Clothing,260
2024-03-17,Furniture,407
2024-03-18,Electronics,105
2024-03-18,Clothing,389
2024-03-18,Furniture,228
2024-03-19,Electronics,365
2024-03-19,Clothing,643
2024-03-19,Furniture,650
2024-03-20,Electronics,751
2024-03-20,Clothing,400
2024-03-20,Furniture,271
2024-03-21,Electronics,212
2024-03-21,Clothing,708
2024-03-21,Furniture,449
2024-03-22,Electronics,536
2024-03-22,Clothing,460
2024-03-22,Furniture,764
2024-03-23,Electronics,791
2024-03-23,Clothing,366
2024-03-23,Furniture,194
2024-03-24,Electronics,661
2024-03-24,Clothing,224
2024-03-24,Furniture,238
2024-03-25,Electronics,161
2024-03-25,Clothing,490
2024-03-25,Furniture,747
2024-03-26,Electronics,740
2024-03-26,Clothing,151
2024-03-26,Furniture,499
2024-03-27,Electronics,181
2024-03-27,Clothing,415
2024-03-27,Furniture,631
2024-03-28,Electronics,272
2024-03-28,Clothing,161
2024-03-28,Furniture,633
2024-03-29,Electronics,484
2024-03-29,Clothing,419
2024-03-29,Furniture,706
2024-03-30,Electronics,741
2024-03-30,Clothing,440
2024-03-30,Furniture,288
2024-03-31,Electronics,304
2024-03-31,Clothing,122
2024-03-31,Furniture,242
2024-04-01,Electronics,508
2024-04-01,Clothing,274
2024-04-01,Furniture,591
2024-04-02,Electronics,716
2024-04-02,Clothing,388
2024-04-02,Furniture,308
2024-04-03,Electronics,298
2024-04-03,Clothing,252
2024-04-03,Furniture,561
2024-04-04,Electronics,263
2024-04-04,Clothing,157
2024-04-04,Furniture,259
2024-04-05,Electronics,350
2024-04-05,Clothing,469
2024-04-05,Furniture,722
2024-04-06,Electronics,119
2024-04-06,Clothing,755
2024-04-06,Furniture,781
2024-04-07,Electronics,775
2024-04-07,Clothing,125
2024-04-07,Furniture,481
2024-04-08,Electronics,279
2024-04-08,Clothing,134
2024-04-08,Furniture,250
2024-04-09,Electronics,731
2024-04-09,Clothing,455
2024-04-09,Furniture,417
2024-04-10,Electronics,747
2024-04-10,Clothing,260
2024-04-10,Furniture,743
2024-04-11,Electronics,423
2024-04-11,Clothing,476
2024-04-11,Furniture,452
2024-04-12,Electronics,274
2024-04-12,Clothing,505
2024-04-12,Furniture,704
2024-04-13,Electronics,355
2024-04-13,Clothing,711
2024-04-13,Furniture,158
2024-04-14,Electronics,164
2024-04-14,Clothing,652
2024-04-14,Furniture,434
2024-04-15,Electronics,690
2024-04-15,Clothing,162
2024-04-15,Furniture,546
2024-04-16,Electronics,383
2024-04-16,Clothing,555
2024-04-16,Furniture,604
2024-04-17,Electronics,782
2024-04-17,Clothing,626
2024-04-17,Furniture,502
2024-04-18,Electronics,562
2024-04-18,Clothing,366
2024-04-18,Furniture,263
2024-04-19,Electronics,533
2024-04-19,Clothing,321
2024-04-19,Furniture,317
2024-04-20,Electronics,488
2024-04-20,Clothing,617
2024-04-20,Furniture,333
2024-04-21,Electronics,200
2024-04-21,Clothing,588
2024-04-21,Furniture,314
2024-04-22,Electronics,257
2024-04-22,Clothing,607
2024-04-22,Furniture,537
2024-04-23,Electronics,641
2024-04-23,Clothing,650
2024-04-23,Furniture,690
2024-04-24,Electronics,604
2024-04-24,Clothing,398
2024-04-24,Furniture,328
2024-04-25,Electronics,168
2024-04-25,Clothing,656
2024-04-25,Furniture,201
2024-04-26,Electronics,173
2024-04-26,Clothing,180
2024-04-26,Furniture,135
2024-04-27,Electronics,330
2024-04-27,Clothing,556
2024-04-27,Furniture,243
2024-04-28,Electronics,139
2024-04-28,Clothing,742
2024-04-28,Furniture,725
2024-04-29,Electronics,519
2024-04-29,Clothing,115
2024-04-29,Furniture,243
2024-04-30,Electronics,578
2024-04-30,Clothing,678
2024-04-30,Furniture,733
2024-05-01,Electronics,374
2024-05-01,Clothing,330
2024-05-01,Furniture,480
2024-05-02,Electronics,246
2024-05-02,Clothing,765
2024-05-02,Furniture,405
2024-05-03,Electronics,393
2024-05-03,Clothing,632
2024-05-03,Furniture,396
2024-05-04,Electronics,408
2024-05-04,Clothing,338
2024-05-04,Furniture,507
2024-05-05,Electronics,630
2024-05-05,Clothing,279
2024-05-05,Furniture,393
2024-05-06,Electronics,130
2024-05-06,Clothing,396
2024-05-06,Furniture,534
2024-05-07,Electronics,424
2024-05-07,Clothing,436
2024-05-07,Furniture,499
2024-05-08,Electronics,215
2024-05-08,Clothing,319
2024-05-08,Furniture,461
2024-05-09,Electronics,538
2024-05-09,Clothing,362
2024-05-09,Furniture,636
2024-05-10,Electronics,612
2024-05-10,Clothing,604
2024-05-10,Furniture,276
2024-05-11,Electronics,345
2024-05-11,Clothing,572
2024-05-11,Furniture,485
2024-05-12,Electronics,557
2024-05-12,Clothing,633
2024-05-12,Furniture,100
2024-05-13,Electronics,688
2024-05-13,Clothing,516
2024-05-13,Furniture,524
2024-05-14,Electronics,183
2024-05-14,Clothing,386
2024-05-14,Furniture,443
2024-05-15,Electronics,537
2024-05-15,Clothing,634
2024-05-15,Furniture,743
2024-05-16,Electronics,646
2024-05-16,Clothing,149
2024-05-16,Furniture,188
2024-05-17,Electronics,777
2024-05-17,Clothing,606
2024-05-17,Furniture,605
2024-05-18,Electronics,752
2024-05-18,Clothing,606
2024-05-18,Furniture,618
2024-05-19,Electronics,704
2024-05-19,Clothing,359
2024-05-19,Furniture,352
2024-05-20,Electronics,388
2024-05-20,Clothing,784
2024-05-20,Furniture,257
2024-05-21,Electronics,402
2024-05-21,Clothing,603
2024-05-21,Furniture,551
2024-05-22,Electronics,422
2024-05-22,Clothing,128
2024-05-22,Furniture,480
2024-05-23,Electronics,541
2024-05-23,Clothing,184
2024-05-23,Furniture,705
2024-05-24,Electronics,376
2024-05-24,Clothing,259
2024-05-24,Furniture,381
2024-05-25,Electronics,333
2024-05-25,Clothing,419
2024-05-25,Furniture,159
2024-05-26,Electronics,338
2024-05-26,Clothing,348
2024-05-26,Furniture,629
2024-05-27,Electronics,481
2024-05-27,Clothing,762
2024-05-27,Furniture,369
2024-05-28,Electronics,642
2024-05-28,Clothing,507
2024-05-28,Furniture,456
2024-05-29,Electronics,761
2024-05-29,Clothing,171
2024-05-29,Furniture,615
2024-05-30,Electronics,763
2024-05-30,Clothing,619
2024-05-30,Furniture,589
2024-05-31,Electronics,408
2024-05-31,Clothing,642
2024-05-31,Furniture,203
2024-06-01,Electronics,452
2024-06-01,Clothing,696
2024-06-01,Furniture,173
2024-06-02,Electronics,267
2024-06-02,Clothing,288
2024-06-02,Furniture,730
2024-06-03,Electronics,609
2024-06-03,Clothing,677
2024-06-03,Furniture,604
2024-06-04,Electronics,728
2024-06-04,Clothing,719
2024-06-04,Furniture,715
2024-06-05,Electronics,598
2024-06-05,Clothing,246
2024-06-05,Furniture,229
2024-06-06,Electronics,262
2024-06-06,Clothing,486
2024-06-06,Furniture,757
2024-06-07,Electronics,569
2024-06-07,Clothing,153
2024-06-07,Furniture,310
2024-06-08,Electronics,111
2024-06-08,Clothing,567
2024-06-08,Furniture,487
2024-06-09,Electronics,439
2024-06-09,Clothing,100
2024-06-09,Furniture,535
2024-06-10,Electronics,191
2024-06-10,Clothing,597
2024-06-10,Furniture,354
2024-06-11,Electronics,570
2024-06-11,Clothing,184
2024-06-11,Furniture,565
2024-06-12,Electronics,478
2024-06-12,Clothing,233
2024-06-12,Furniture,239
2024-06-13,Electronics,169
2024-06-13,Clothing,365
2024-06-13,Furniture,786
2024-06-14,Electronics,430
2024-06-14,Clothing,321
2024-06-14,Furniture,260
2024-06-15,Electronics,522
2024-06-15,Clothing,654
2024-06-15,Furniture,251
2024-06-16,Electronics,524
2024-06-16,Clothing,675
2024-06-16,Furniture,675
2024-06-17,Electronics,259
2024-06-17,Clothing,374
2024-06-17,Furniture,268
2024-06-18,Electronics,361
2024-06-18,Clothing,212
2024-06-18,Furniture,576
2024-06-19,Electronics,563
2024-06-19,Clothing,204
2024-06-19,Furniture,590
2024-06-20,Electronics,438
2024-06-20,Clothing,558
2024-06-20,Furniture,780
2024-06-21,Electronics,765
2024-06-21,Clothing,296
2024-06-21,Furniture,182
2024-06-22,Electronics,469
2024-06-22,Clothing,658
2024-06-22,Furniture,113
2024-06-23,Electronics,121
2024-06-23,Clothing,180
2024-06-23,Furniture,565
2024-06-24,Electronics,706
2024-06-24,Clothing,724
2024-06-24,Furniture,405
2024-06-25,Electronics,151
2024-06-25,Clothing,242
2024-06-25,Furniture,258
2024-06-26,Electronics,110
2024-06-26,Clothing,360
2024-06-26,Furniture,282
2024-06-27,Electronics,198
2024-06-27,Clothing,135
2024-06-27,Furniture,214
2024-06-28,Electronics,284
2024-06-28,Clothing,753
2024-06-28,Furniture,350
2024-06-29,Electronics,367
2024-06-29,Clothing,465
2024-06-29,Furniture,761
2024-06-30,Electronics,693
2024-06-30,Clothing,734
2024-06-30,Furniture,194
2024-07-01,Electronics,482
2024-07-01,Clothing,575
2024-07-01,Furniture,185
2024-07-02,Electronics,343
2024-07-02,Clothing,160
2024-07-02,Furniture,343
2024-07-03,Electronics,576
2024-07-03,Clothing,454
2024-07-03,Furniture,447
2024-07-04,Electronics,302
2024-07-04,Clothing,748
2024-07-04,Furniture,309
2024-07-05,Electronics,767
2024-07-05,Clothing,509
2024-07-05,Furniture,776
2024-07-06,Electronics,498
2024-07-06,Clothing,487
2024-07-06,Furniture,192
2024-07-07,Electronics,696
2024-07-07,Clothing,556
2024-07-07,Furniture,399
2024-07-08,Electronics,327
2024-07-08,Clothing,364
2024-07-08,Furniture,283
2024-07-09,Electronics,757
2024-07-09,Clothing,722
2024-07-09,Furniture,160
2024-07-10,Electronics,772
2024-07-10,Clothing,454
2024-07-10,Furniture,767
2024-07-11,Electronics,579
2024-07-11,Clothing,536
2024-07-11,Furniture,662
2024-07-12,Electronics,590
2024-07-12,Clothing,480
2024-07-12,Furniture,563
2024-07-13,Electronics,649
2024-07-13,Clothing,284
2024-07-13,Furniture,268
2024-07-14,Electronics,778
2024-07-14,Clothing,759
2024-07-14,Furniture,400
2024-07-15,Electronics,248
2024-07-15,Clothing,675
2024-07-15,Furniture,249
2024-07-16,Electronics,552
2024-07-16,Clothing,320
2024-07-16,Furniture,473
2024-07-17,Electronics,246
2024-07-17,Clothing,168
2024-07-17,Furniture,225
2024-07-18,Electronics,434
2024-07-18,Clothing,159
2024-07-18,Furniture,796
2024-07-19,Electronics,400
2024-07-19,Clothing,395
2024-07-19,Furniture,338
2024-07-20,Electronics,673
2024-07-20,Clothing,423
2024-07-20,Furniture,409
2024-07-21,Electronics,748
2024-07-21,Clothing,390
2024-07-21,Furniture,133
2024-07-22,Electronics,594
2024-07-22,Clothing,320
2024-07-22,Furniture,637
2024-07-23,Electronics,167
2024-07-23,Clothing,613
2024-07-23,Furniture,582
2024-07-24,Electronics,339
2024-07-24,Clothing,445
2024-07-24,Furniture,733
2024-07-25,Electronics,513
2024-07-25,Clothing,573
2024-07-25,Furniture,352
2024-07-26,Electronics,366
2024-07-26,Clothing,545
2024-07-26,Furniture,244
2024-07-27,Electronics,691
2024-07-27,Clothing,228
2024-07-27,Furniture,258
2024-07-28,Electronics,359
2024-07-28,Clothing,394
2024-07-28,Furniture,222
2024-07-29,Electronics,167
2024-07-29,Clothing,258
2024-07-29,Furniture,377
2024-07-30,Electronics,126
2024-07-30,Clothing,622
2024-07-30,Furniture,648
2024-07-31,Electronics,237
2024-07-31,Clothing,472
2024-07-31,Furniture,484
2024-08-01,Electronics,155
2024-08-01,Clothing,591
2024-08-01,Furniture,721
2024-08-02,Electronics,681
2024-08-02,Clothing,366
2024-08-02,Furniture,359
2024-08-03,Electronics,651
2024-08-03,Clothing,561
2024-08-03,Furniture,137
2024-08-04,Electronics,756
2024-08-04,Clothing,381
2024-08-04,Furniture,491
2024-08-05,Electronics,527
2024-08-05,Clothing,740
2024-08-05,Furniture,498
2024-08-06,Electronics,667
2024-08-06,Clothing,280
2024-08-06,Furniture,325
2024-08-07,Electronics,338
2024-08-07,Clothing,352
2024-08-07,Furniture,100
2024-08-08,Electronics,242
2024-08-08,Clothing,354
2024-08-08,Furniture,199
2024-08-09,Electronics,451
2024-08-09,Clothing,395
2024-08-09,Furniture,683
2024-08-10,Electronics,756
2024-08-10,Clothing,289
2024-08-10,Furniture,169
2024-08-11,Electronics,790
2024-08-11,Clothing,670
2024-08-11,Furniture,727
2024-08-12,Electronics,563
2024-08-12,Clothing,177
2024-08-12,Furniture,329
2024-08-13,Electronics,623
2024-08-13,Clothing,691
2024-08-13,Furniture,323
2024-08-14,Electronics,210
2024-08-14,Clothing,597
2024-08-14,Furniture,518
2024-08-15,Electronics,718
2024-08-15,Clothing,350
2024-08-15,Furniture,313
2024-08-16,Electronics,784
2024-08-16,Clothing,298
2024-08-16,Furniture,428
2024-08-17,Electronics,438
2024-08-17,Clothing,363
2024-08-17,Furniture,685
2024-08-18,Electronics,312
2024-08-18,Clothing,731
2024-08-18,Furniture,188
2024-08-19,Electronics,349
2024-08-19,Clothing,401
2024-08-19,Furniture,776
2024-08-20,Electronics,523
2024-08-20,Clothing,393
2024-08-20,Furniture,490
2024-08-21,Electronics,143
2024-08-21,Clothing,798
2024-08-21,Furniture,730
2024-08-22,Electronics,769
2024-08-22,Clothing,148
2024-08-22,Furniture,283
2024-08-23,Electronics,145
2024-08-23,Clothing,620
2024-08-23,Furniture,390
2024-08-24,Electronics,129
2024-08-24,Clothing,356
2024-08-24,Furniture,307
2024-08-25,Electronics,360
2024-08-25,Clothing,427
2024-08-25,Furniture,485
2024-08-26,Electronics,492
2024-08-26,Clothing,510
2024-08-26,Furniture,396
2024-08-27,Electronics,445
2024-08-27,Clothing,682
2024-08-27,Furniture,363
2024-08-28,Electronics,344
2024-08-28,Clothing,138
2024-08-28,Furniture,309
2024-08-29,Electronics,607
2024-08-29,Clothing,257
2024-08-29,Furniture,598
2024-08-30,Electronics,330
2024-08-30,Clothing,615
2024-08-30,Furniture,278
2024-08-31,Electronics,703
2024-08-31,Clothing,500
2024-08-31,Furniture,789
2024-09-01,Electronics,463
2024-09-01,Clothing,142
2024-09-01,Furniture,682
2024-09-02,Electronics,108
2024-09-02,Clothing,771
2024-09-02,Furniture,637
2024-09-03,Electronics,518
2024-09-03,Clothing,474
2024-09-03,Furniture,605
2024-09-04,Electronics,325
2024-09-04,Clothing,464
2024-09-04,Furniture,361
2024-09-05,Electronics,547
2024-09-05,Clothing,728
2024-09-05,Furniture,201
2024-09-06,Electronics,194
2024-09-06,Clothing,124
2024-09-06,Furniture,274
2024-09-07,Electronics,632
2024-09-07,Clothing,122
2024-09-07,Furniture,228
2024-09-08,Electronics,634
2024-09-08,Clothing,767
2024-09-08,Furniture,329
2024-09-09,Electronics,212
2024-09-09,Clothing,584
2024-09-09,Furniture,676
2024-09-10,Electronics,145
2024-09-10,Clothing,138
2024-09-10,Furniture,797
2024-09-11,Electronics,152
2024-09-11,Clothing,388
2024-09-11,Furniture,307
2024-09-12,Electronics,489
2024-09-12,Clothing,261
2024-09-12,Furniture,548
2024-09-13,Electronics,537
2024-09-13,Clothing,665
2024-09-13,Furniture,537
2024-09-14,Electronics,240
2024-09-14,Clothing,610
2024-09-14,Furniture,436
2024-09-15,Electronics,730
2024-09-15,Clothing,708
2024-09-15,Furniture,645
2024-09-16,Electronics,283
2024-09-16,Clothing,666
2024-09-16,Furniture,205
2024-09-17,Electronics,441
2024-09-17,Clothing,693
2024-09-17,Furniture,607
2024-09-18,Electronics,178
2024-09-18,Clothing,641
2024-09-18,Furniture,368
2024-09-19,Electronics,675
2024-09-19,Clothing,235
2024-09-19,Furniture,170
2024-09-20,Electronics,419
2024-09-20,Clothing,676
2024-09-20,Furniture,425
2024-09-21,Electronics,728
2024-09-21,Clothing,559
2024-09-21,Furniture,444
2024-09-22,Electronics,518
2024-09-22,Clothing,799
2024-09-22,Furniture,458
2024-09-23,Electronics,572
2024-09-23,Clothing,133
2024-09-23,Furniture,103
2024-09-24,Electronics,514
2024-09-24,Clothing,506
2024-09-24,Furniture,281
2024-09-25,Electronics,458
2024-09-25,Clothing,708
2024-09-25,Furniture,694
2024-09-26,Electronics,730
2024-09-26,Clothing,776
2024-09-26,Furniture,464
2024-09-27,Electronics,362
2024-09-27,Clothing,215
2024-09-27,Furniture,778
2024-09-28,Electronics,593
2024-09-28,Clothing,340
2024-09-28,Furniture,326
2024-09-29,Electronics,771
2024-09-29,Clothing,162
2024-09-29,Furniture,477
2024-09-30,Electronics,546
2024-09-30,Clothing,134
2024-09-30,Furniture,142
2024-10-01,Electronics,504
2024-10-01,Clothing,190
2024-10-01,Furniture,790
2024-10-02,Electronics,378
2024-10-02,Clothing,102
2024-10-02,Furniture,547
2024-10-03,Electronics,228
2024-10-03,Clothing,704
2024-10-03,Furniture,459
2024-10-04,Electronics,361
2024-10-04,Clothing,300
2024-10-04,Furniture,109
2024-10-05,Electronics,450
2024-10-05,Clothing,453
2024-10-05,Furniture,111
2024-10-06,Electronics,198
2024-10-06,Clothing,396
2024-10-06,Furniture,187
2024-10-07,Electronics,591
2024-10-07,Clothing,289
2024-10-07,Furniture,460
2024-10-08,Electronics,742
2024-10-08,Clothing,506
2024-10-08,Furniture,321
2024-10-09,Electronics,403
2024-10-09,Clothing,129
2024-10-09,Furniture,222
2024-10-10,Electronics,582
2024-10-10,Clothing,180
2024-10-10,Furniture,475
2024-10-11,Electronics,739
2024-10-11,Clothing,483
2024-10-11,Furniture,741
2024-10-12,Electronics,431
2024-10-12,Clothing,101
2024-10-12,Furniture,280
2024-10-13,Electronics,576
2024-10-13,Clothing,725
2024-10-13,Furniture,420
2024-10-14,Electronics,290
2024-10-14,Clothing,176
2024-10-14,Furniture,148
2024-10-15,Electronics,136
2024-10-15,Clothing,661
2024-10-15,Furniture,685
2024-10-16,Electronics,471
2024-10-16,Clothing,171
2024-10-16,Furniture,692
2024-10-17,Electronics,521
2024-10-17,Clothing,792
2024-10-17,Furniture,424
2024-10-18,Electronics,192
2024-10-18,Clothing,574
2024-10-18,Furniture,714
2024-10-19,Electronics,363
2024-10-19,Clothing,109
2024-10-19,Furniture,262
2024-10-20,Electronics,419
2024-10-20,Clothing,422
2024-10-20,Furniture,680
2024-10-21,Electronics,221
2024-10-21,Clothing,241
2024-10-21,Furniture,575
2024-10-22,Electronics,711
2024-10-22,Clothing,740
2024-10-22,Furniture,134
2024-10-23,Electronics,298
2024-10-23,Clothing,116
2024-10-23,Furniture,777
2024-10-24,Electronics,373
2024-10-24,Clothing,266
2024-10-24,Furniture,739
2024-10-25,Electronics,694
2024-10-25,Clothing,114
2024-10-25,Furniture,777
2024-10-26,Electronics,546
2024-10-26,Clothing,484
2024-10-26,Furniture,773
2024-10-27,Electronics,789
2024-10-27,Clothing,711
2024-10-27,Furniture,771
2024-10-28,Electronics,541
2024-10-28,Clothing,286
2024-10-28,Furniture,736
2024-10-29,Electronics,301
2024-10-29,Clothing,432
2024-10-29,Furniture,384
2024-10-30,Electronics,409
2024-10-30,Clothing,798
2024-10-30,Furniture,369
2024-10-31,Electronics,138
2024-10-31,Clothing,703
2024-10-31,Furniture,699
2024-11-01,Electronics,593
2024-11-01,Clothing,223
2024-11-01,Furniture,159
2024-11-02,Electronics,474
2024-11-02,Clothing,274
2024-11-02,Furniture,545
2024-11-03,Electronics,427
2024-11-03,Clothing,543
2024-11-03,Furniture,125
2024-11-04,Electronics,541
2024-11-04,Clothing,770
2024-11-04,Furniture,728
2024-11-05,Electronics,269
2024-11-05,Clothing,562
2024-11-05,Furniture,797
2024-11-06,Electronics,728
2024-11-06,Clothing,273
2024-11-06,Furniture,441
2024-11-07,Electronics,381
2024-11-07,Clothing,685
2024-11-07,Furniture,302
2024-11-08,Electronics,234
2024-11-08,Clothing,358
2024-11-08,Furniture,130
2024-11-09,Electronics,177
2024-11-09,Clothing,306
2024-11-09,Furniture,374
2024-11-10,Electronics,540
2024-11-10,Clothing,782
2024-11-10,Furniture,636
2024-11-11,Electronics,762
2024-11-11,Clothing,490
2024-11-11,Furniture,563
2024-11-12,Electronics,256
2024-11-12,Clothing,665
2024-11-12,Furniture,770
2024-11-13,Electronics,715
2024-11-13,Clothing,212
2024-11-13,Furniture,121
2024-11-14,Electronics,255
2024-11-14,Clothing,745
2024-11-14,Furniture,519
2024-11-15,Electronics,694
2024-11-15,Clothing,338
2024-11-15,Furniture,148
2024-11-16,Electronics,336
2024-11-16,Clothing,585
2024-11-16,Furniture,450
2024-11-17,Electronics,124
2024-11-17,Clothing,560
2024-11-17,Furniture,206
2024-11-18,Electronics,268
2024-11-18,Clothing,335
2024-11-18,Furniture,569
2024-11-19,Electronics,512
2024-11-19,Clothing,268
2024-11-19,Furniture,275
2024-11-20,Electronics,512
2024-11-20,Clothing,608
2024-11-20,Furniture,312
2024-11-21,Electronics,361
2024-11-21,Clothing,340
2024-11-21,Furniture,123
2024-11-22,Electronics,469
2024-11-22,Clothing,248
2024-11-22,Furniture,753
2024-11-23,Electronics,540
2024-11-23,Clothing,129
2024-11-23,Furniture,470
2024-11-24,Electronics,768
2024-11-24,Clothing,342
2024-11-24,Furniture,575
2024-11-25,Electronics,282
2024-11-25,Clothing,565
2024-11-25,Furniture,672
2024-11-26,Electronics,311
2024-11-26,Clothing,556
2024-11-26,Furniture,712
2024-11-27,Electronics,152
2024-11-27,Clothing,192
2024-11-27,Furniture,448
2024-11-28,Electronics,708
2024-11-28,Clothing,206
2024-11-28,Furniture,157
2024-11-29,Electronics,578
2024-11-29,Clothing,651
2024-11-29,Furniture,690
2024-11-30,Electronics,161
2024-11-30,Clothing,206
2024-11-30,Furniture,338
2024-12-01,Electronics,413
2024-12-01,Clothing,233
2024-12-01,Furniture,304
2024-12-02,Electronics,765
2024-12-02,Clothing,222
2024-12-02,Furniture,193
2024-12-03,Electronics,544
2024-12-03,Clothing,755
2024-12-03,Furniture,653
2024-12-04,Electronics,363
2024-12-04,Clothing,230
2024-12-04,Furniture,786
2024-12-05,Electronics,687
2024-12-05,Clothing,792
2024-12-05,Furniture,678
2024-12-06,Electronics,509
2024-12-06,Clothing,340
2024-12-06,Furniture,777
2024-12-07,Electronics,637
2024-12-07,Clothing,440
2024-12-07,Furniture,474
2024-12-08,Electronics,228
2024-12-08,Clothing,152
2024-12-08,Furniture,568
2024-12-09,Electronics,501
2024-12-09,Clothing,666
2024-12-09,Furniture,739
2024-12-10,Electronics,263
2024-12-10,Clothing,278
2024-12-10,Furniture,712
2024-12-11,Electronics,530
2024-12-11,Clothing,470
2024-12-11,Furniture,206
2024-12-12,Electronics,763
2024-12-12,Clothing,293
2024-12-12,Furniture,204
2024-12-13,Electronics,726
2024-12-13,Clothing,125
2024-12-13,Furniture,283
2024-12-14,Electronics,681
2024-12-14,Clothing,617
2024-12-14,Furniture,370
2024-12-15,Electronics,614
2024-12-15,Clothing,191
2024-12-15,Furniture,676
2024-12-16,Electronics,326
2024-12-16,Clothing,699
2024-12-16,Furniture,124
2024-12-17,Electronics,215
2024-12-17,Clothing,433
2024-12-17,Furniture,570
2024-12-18,Electronics,388
2024-12-18,Clothing,556
2024-12-18,Furniture,522
2024-12-19,Electronics,760
2024-12-19,Clothing,255
2024-12-19,Furniture,777
2024-12-20,Electronics,589
2024-12-20,Clothing,457
2024-12-20,Furniture,566
2024-12-21,Electronics,372
2024-12-21,Clothing,345
2024-12-21,Furniture,557
2024-12-22,Electronics,361
2024-12-22,Clothing,722
2024-12-22,Furniture,166
2024-12-23,Electronics,349
2024-12-23,Clothing,322
2024-12-23,Furniture,278
2024-12-24,Electronics,468
2024-12-24,Clothing,614
2024-12-24,Furniture,701
2024-12-25,Electronics,644
2024-12-25,Clothing,491
2024-12-25,Furniture,317
2024-12-26,Electronics,264
2024-12-26,Clothing,166
2024-12-26,Furniture,349
2024-12-27,Electronics,429
2024-12-27,Clothing,623
2024-12-27,Furniture,519
2024-12-28,Electronics,526
2024-12-28,Clothing,664
2024-12-28,Furniture,727
2024-12-29,Electronics,312
2024-12-29,Clothing,351
2024-12-29,Furniture,504
2024-12-30,Electronics,747
2024-12-30,Clothing,285
2024-12-30,Furniture,546
2024-12-31,Electronics,189
2024-12-31,Clothing,603
2024-12-31,Furniture,567
